{
  "data_dir": "/home/song/rb10_Proximity/src/self_detection_raw/dataset",
  "train_files": "1dataset_50_25.txt,2dataset_50_25.txt,3dataset_100_25.txt",
  "val_files": "4dataset_100_25.txt",
  "out_dir": "/home/song/rb10_Proximity/src/self_detection_raw/scripts/model",
  "name_prefix": "mlp_vel_base_corr",
  "epochs": 1,
  "batch": 4096,
  "lr": 0.001,
  "wd": 0.0001,
  "hidden": 128,
  "head_hidden": 64,
  "dropout": 0.1,
  "corr_hidden": 32,
  "corr_dropout": 0.05,
  "seed": 42,
  "num_workers": 4,
  "use_vel": true,
  "vel_window": 10,
  "raw_threshold": 2000.0,
  "correction_limit_raw": 1500.0,
  "correction_penalty_beta": 0.01,
  "best_metric_name": "within_2000",
  "early_stop_patience": 15,
  "early_stop_min_delta": 0.0,
  "early_stop_warmup": 10,
  "save_plots": 0,
  "base_in_dim": 18,
  "corr_in_dim": 36,
  "normalized_threshold_per_channel": [
    0.11305001378059387,
    0.11218901723623276,
    0.03669304400682449,
    0.10237116366624832,
    0.08996382355690002,
    0.025583064183592796,
    0.15530619025230408,
    0.1131322979927063
  ],
  "correction_limit_norm_per_channel": [
    0.0847875103354454,
    0.08414176106452942,
    0.02751978300511837,
    0.07677837461233139,
    0.06747286766767502,
    0.01918729767203331,
    0.11647964268922806,
    0.08484922349452972
  ]
}