{
  "best_metric_name": "within_2000",
  "raw_error_threshold": 2000.0,
  "correction_limit_raw": 1500.0,
  "correction_penalty_beta": 0.01,
  "normalized_threshold_per_channel": [
    0.11305001378059387,
    0.11218901723623276,
    0.03669304400682449,
    0.10237116366624832,
    0.08996382355690002,
    0.025583064183592796,
    0.15530619025230408,
    0.1131322979927063
  ],
  "correction_limit_norm_per_channel": [
    0.0847875103354454,
    0.08414176106452942,
    0.02751978300511837,
    0.07677837461233139,
    0.06747286766767502,
    0.01918729767203331,
    0.11647964268922806,
    0.08484922349452972
  ],
  "final_validation_metrics": {
    "mae": 11102.033203125,
    "rmse": 19426.099609375,
    "avg_std": 10814.359375,
    "per_channel_rmse": [
      8187.9375,
      6251.2294921875,
      26787.1640625,
      4675.03564453125,
      9409.33984375,
      44875.4453125,
      3276.776611328125,
      7770.64599609375
    ],
    "per_channel_mae": [
      7844.14013671875,
      5893.96142578125,
      20971.2578125,
      4107.54248046875,
      8984.70703125,
      31190.4921875,
      2427.25634765625,
      7396.919921875
    ],
    "raw_std": [
      4896.240234375,
      5063.130859375,
      58129.2890625,
      22213.392578125,
      6480.29052734375,
      83304.140625,
      13535.3271484375,
      4592.57666015625
    ],
    "residual_std": [
      2347.606689453125,
      2085.713134765625,
      25467.658203125,
      4100.99365234375,
      2794.705078125,
      44860.62109375,
      2476.778076171875,
      2380.80029296875
    ],
    "improvement": [
      0.5205286741256714,
      0.588058590888977,
      0.56187903881073,
      0.8153819441795349,
      0.5687376856803894,
      0.461483895778656,
      0.8170138001441956,
      0.4815981388092041
    ],
    "ranked_channels": [
      {
        "channel": "raw7",
        "rmse": 3276.776611328125,
        "mae": 2427.25634765625,
        "within_2000": 0.5274381151207873,
        "residual_std": 2476.778076171875
      },
      {
        "channel": "raw4",
        "rmse": 4675.03564453125,
        "mae": 4107.54248046875,
        "within_2000": 0.1445968784173377,
        "residual_std": 4100.99365234375
      },
      {
        "channel": "raw2",
        "rmse": 6251.2294921875,
        "mae": 5893.96142578125,
        "within_2000": 0.03071875932001193,
        "residual_std": 2085.713134765625
      },
      {
        "channel": "raw8",
        "rmse": 7770.64599609375,
        "mae": 7396.919921875,
        "within_2000": 0.0,
        "residual_std": 2380.80029296875
      },
      {
        "channel": "raw1",
        "rmse": 8187.9375,
        "mae": 7844.14013671875,
        "within_2000": 9.941346058256288e-05,
        "residual_std": 2347.606689453125
      },
      {
        "channel": "raw5",
        "rmse": 9409.33984375,
        "mae": 8984.70703125,
        "within_2000": 0.000447360572621533,
        "residual_std": 2794.705078125
      },
      {
        "channel": "raw3",
        "rmse": 26787.1640625,
        "mae": 20971.2578125,
        "within_2000": 0.024306591112436625,
        "residual_std": 25467.658203125
      },
      {
        "channel": "raw6",
        "rmse": 44875.4453125,
        "mae": 31190.4921875,
        "within_2000": 0.07490804254896113,
        "residual_std": 44860.62109375
      }
    ],
    "best_channel_rmse": 3276.776611328125,
    "best_channel_name": "raw7",
    "worst_channel_rmse": 44875.4453125,
    "worst_channel_name": "raw6",
    "base_rmse": 19391.873046875,
    "mean_abs_correction": 242.53317260742188,
    "max_abs_correction": 828.0,
    "within_1000": 0.05323590814196242,
    "per_channel_within_1000": [
      0.0,
      0.006014514365245054,
      0.01143254796699473,
      0.06238194651555821,
      4.970673029128144e-05,
      0.02902873049010836,
      0.3169798190675017,
      0.0
    ],
    "within_2000": 0.10031439506909236,
    "per_channel_within_2000": [
      9.941346058256288e-05,
      0.03071875932001193,
      0.024306591112436625,
      0.1445968784173377,
      0.000447360572621533,
      0.07490804254896113,
      0.5274381151207873,
      0.0
    ],
    "within_5000": 0.34624465652649367,
    "per_channel_within_5000": [
      0.09653047022566856,
      0.3476488716572224,
      0.060691917685654635,
      0.7385923053981509,
      0.07083209066507605,
      0.3573416840640223,
      0.9044636643801571,
      0.1938562481359976
    ],
    "within_10000": 0.7499502932697087,
    "per_channel_within_10000": [
      0.8017198528680783,
      0.9758425290784373,
      0.24704244954766874,
      0.9859329953275674,
      0.681379858832886,
      0.4708718560493091,
      0.9902077741326175,
      0.8466050303211055
    ]
  }
}