{
  "data_dir": "/home/song/rb10_Proximity/src/self_detection_raw/dataset",
  "train_files": "1dataset_50_25.txt,2dataset_50_25.txt,3dataset_100_25.txt,4dataset_100_25.txt,5dataset_50_50.txt,6dataset_50_50.txt,7dataset_100_50.txt",
  "val_files": "8dataset_100_50.txt",
  "out_dir": "/home/song/rb10_Proximity/src/self_detection_raw/scripts/model",
  "name_prefix": "mlp_vel_practical",
  "epochs": 300,
  "batch": 256,
  "lr": 0.001,
  "wd": 0.0001,
  "hidden": 128,
  "head_hidden": 64,
  "dropout": 0.1,
  "seed": 42,
  "num_workers": 4,
  "vel_window": 10,
  "raw_threshold": 2000.0,
  "best_metric_name": "rmse",
  "save_plots": 1,
  "normalized_threshold_per_channel": [
    0.1144898310303688,
    0.1162690743803978,
    0.03440557047724724,
    0.04811660200357437,
    0.14964522421360016,
    0.025666434317827225,
    0.04964706301689148,
    0.11218627542257309
  ]
}