{
  "x_mean": [
    0.9994574785232544,
    -0.18022437393665314,
    -0.7063551545143127,
    0.934384822845459,
    -0.9999494552612305,
    0.0029310649260878563,
    0.0490085631608963,
    0.9550659656524658,
    -0.6336799263954163,
    -0.258681982755661,
    0.02945309691131115,
    1.0
  ],
  "x_std": [
    0.009999999776482582,
    0.23157447576522827,
    0.20604124665260315,
    0.060575246810913086,
    0.009999999776482582,
    0.009999999776482582,
    0.015393580310046673,
    0.04540311545133591,
    0.23893016576766968,
    0.23797398805618286,
    0.009999999776482582,
    0.009999999776482582
  ],
  "y_mean": [
    39992008.0,
    39991972.0,
    39947168.0,
    39947076.0,
    39991252.0,
    39941340.0,
    39956544.0,
    39991988.0
  ],
  "y_std": [
    7498.32958984375,
    7015.5517578125,
    55523.65625,
    35270.82421875,
    4865.73193359375,
    77341.328125,
    31065.322265625,
    7858.98583984375
  ],
  "std_floor": 0.01,
  "feature_order": [
    "sin_j1",
    "sin_j2",
    "sin_j3",
    "sin_j4",
    "sin_j5",
    "sin_j6",
    "cos_j1",
    "cos_j2",
    "cos_j3",
    "cos_j4",
    "cos_j5",
    "cos_j6",
    "jv1",
    "jv2",
    "jv3",
    "jv4",
    "jv5",
    "jv6"
  ],
  "target_order": [
    "raw1",
    "raw2",
    "raw3",
    "raw4",
    "raw5",
    "raw6",
    "raw7",
    "raw8"
  ]
}