{
  "data_dir": "/home/song/rb10_Proximity/src/self_detection_raw/dataset",
  "train_files": "[1]dataset_50_25_new.txt,[2]dataset_50_25_new.txt,[3]dataset_100_25_new.txt",
  "val_files": "[4]dataset_100_25_new.txt",
  "out_dir": "/home/song/rb10_Proximity/src/self_detection_raw/scripts/model",
  "name_prefix": "mlp_vel_base_corr_explicit",
  "epochs": 300,
  "batch": 256,
  "lr": 0.001,
  "wd": 0.0001,
  "hidden": 128,
  "head_hidden": 64,
  "dropout": 0.1,
  "corr_hidden": 32,
  "corr_dropout": 0.05,
  "seed": 42,
  "num_workers": 4,
  "use_vel": true,
  "vel_window": 10,
  "raw_threshold": 2000.0,
  "correction_limit_raw": 1500.0,
  "correction_penalty_beta": 0.01,
  "best_metric_name": "within_2000",
  "early_stop_patience": 15,
  "early_stop_min_delta": 0.0,
  "early_stop_warmup": 10,
  "save_plots": 1,
  "base_in_dim": 18,
  "corr_in_dim": 36,
  "lambda_norm": [
    0.044459909200668335,
    0.04322719946503639,
    0.01877599209547043,
    0.04123825579881668,
    0.0428328774869442,
    0.015072242356836796,
    0.047434862703084946,
    0.04418265074491501
  ],
  "normalized_threshold_per_channel": [
    0.059279877692461014,
    0.05763626471161842,
    0.025034654885530472,
    0.05498434230685234,
    0.0571105033159256,
    0.020096322521567345,
    0.0632464811205864,
    0.058910202234983444
  ]
}