{
  "data_dir": "/home/song/rb10_Proximity/src/self_detection_raw/dataset",
  "train_files": "1dataset_50_25_1.txt,2dataset_50_25_1.txt,3dataset_50_25_1.txt",
  "val_files": "4dataset_50_25_1.txt",
  "out_dir": "/home/song/rb10_Proximity/src/self_detection_raw/scripts/model",
  "name_prefix": "mlp_vel_practical",
  "epochs": 1,
  "batch": 4096,
  "lr": 0.001,
  "wd": 0.0001,
  "hidden": 128,
  "head_hidden": 64,
  "dropout": 0.1,
  "seed": 42,
  "num_workers": 4,
  "vel_window": 10,
  "raw_threshold": 2000.0,
  "best_metric_name": "rmse",
  "save_plots": 0,
  "normalized_threshold_per_channel": [
    0.18231576681137085,
    0.1466907411813736,
    0.05152270570397377,
    0.10199352353811264,
    0.18925276398658752,
    0.035114165395498276,
    0.1406523436307907,
    0.182291641831398
  ]
}