{
  "best_metric_name": "within_2000",
  "raw_error_threshold": 2000.0,
  "normalized_threshold_per_channel": [
    24.465421676635742,
    26.87000846862793,
    14.292972564697266,
    53.1014518737793,
    14.02861213684082,
    13.346878051757812,
    28.086069107055664,
    19.631702423095703
  ],
  "final_validation_metrics": {
    "mae": 60.5698127746582,
    "rmse": 100.25392150878906,
    "avg_std": 94.8748779296875,
    "per_channel_rmse": [
      83.24674224853516,
      77.43034362792969,
      146.2265167236328,
      35.16621398925781,
      126.82120513916016,
      111.00691223144531,
      76.72933959960938,
      102.70858764648438
    ],
    "per_channel_mae": [
      56.18877029418945,
      49.9218635559082,
      97.67070770263672,
      27.44906234741211,
      79.40601348876953,
      55.95106887817383,
      52.677547454833984,
      65.29347229003906
    ],
    "best_channel_name": "raw4",
    "best_channel_rmse": 35.16621398925781,
    "worst_channel_name": "raw3",
    "worst_channel_rmse": 146.2265167236328,
    "channel_metrics": {
      "raw_std": [
        15882.8837890625,
        15962.904296875,
        45786.65234375,
        17650.48046875,
        16145.8369140625,
        68537.421875,
        15353.0712890625,
        16137.41796875
      ],
      "residual_std": [
        83.25647735595703,
        77.42172241210938,
        146.22975158691406,
        35.050418853759766,
        126.81803131103516,
        110.81197357177734,
        76.6905288696289,
        102.72010803222656
      ],
      "improvement": [
        0.994758129119873,
        0.9951499104499817,
        0.996806263923645,
        0.9980142116546631,
        0.9921454787254333,
        0.9983831644058228,
        0.9950048923492432,
        0.9936346411705017
      ]
    },
    "within_1000": 0.9995484345731871,
    "within_2000": 0.9999808861195,
    "within_5000": 1.0,
    "within_10000": 1.0
  }
}