{
  "x_mean": [
    0.9994574785232544,
    -0.18022437393665314,
    -0.7063551545143127,
    0.934384822845459,
    -0.9999494552612305,
    0.0029310649260878563,
    0.0490085631608963,
    0.9550659656524658,
    -0.6336799263954163,
    -0.258681982755661,
    0.02945309691131115,
    1.0
  ],
  "x_std": [
    0.009999999776482582,
    0.23157447576522827,
    0.20604124665260315,
    0.060575246810913086,
    0.009999999776482582,
    0.009999999776482582,
    0.015393580310046673,
    0.04540311545133591,
    0.23893016576766968,
    0.23797398805618286,
    0.009999999776482582,
    0.009999999776482582
  ],
  "y_mean": [
    39992004.0,
    39992032.0,
    39948060.0,
    39946528.0,
    39991348.0,
    39942392.0,
    39956828.0,
    39992028.0
  ],
  "y_std": [
    7531.02880859375,
    7050.71044921875,
    54734.39453125,
    35566.0,
    4332.14892578125,
    76401.4609375,
    30814.650390625,
    7756.78466796875
  ],
  "std_floor": 0.01,
  "feature_order": [
    "sin_j1",
    "sin_j2",
    "sin_j3",
    "sin_j4",
    "sin_j5",
    "sin_j6",
    "cos_j1",
    "cos_j2",
    "cos_j3",
    "cos_j4",
    "cos_j5",
    "cos_j6",
    "jv1",
    "jv2",
    "jv3",
    "jv4",
    "jv5",
    "jv6"
  ],
  "target_order": [
    "raw1",
    "raw2",
    "raw3",
    "raw4",
    "raw5",
    "raw6",
    "raw7",
    "raw8"
  ]
}