{
  "data_dir": "/home/song/rb10_Proximity/src/self_detection_raw/dataset",
  "train_files": "1dataset_50_25.txt,2dataset_50_25.txt,3dataset_100_25.txt,4dataset_100_25.txt,5dataset_50_50.txt,6dataset_50_50.txt",
  "val_files": "7dataset_100_50.txt",
  "out_dir": "/home/song/rb10_Proximity/src/self_detection_raw/scripts/model",
  "name_prefix": "mlp_vel_base_corr_explicit",
  "epochs": 300,
  "batch": 256,
  "lr": 0.001,
  "wd": 0.0001,
  "hidden": 128,
  "head_hidden": 64,
  "dropout": 0.1,
  "corr_hidden": 32,
  "corr_dropout": 0.05,
  "seed": 42,
  "num_workers": 4,
  "use_vel": true,
  "vel_window": 10,
  "raw_threshold": 2000.0,
  "correction_limit_raw": 1500.0,
  "correction_penalty_beta": 0.01,
  "best_metric_name": "within_2000",
  "early_stop_patience": 15,
  "early_stop_min_delta": 0.0,
  "early_stop_warmup": 10,
  "save_plots": 1,
  "base_in_dim": 18,
  "corr_in_dim": 36,
  "lambda_norm": [
    0.5245550274848938,
    0.4435759484767914,
    0.027484294027090073,
    0.045455895364284515,
    0.31524983048439026,
    0.01974290795624256,
    0.05000650882720947,
    0.48676544427871704
  ],
  "normalized_threshold_per_channel": [
    0.6994066834449768,
    0.5914345979690552,
    0.03664572536945343,
    0.06060786172747612,
    0.4203331172466278,
    0.026323877274990082,
    0.0666753426194191,
    0.6490205526351929
  ]
}