{
  "data_dir": "/home/song/rb10_Proximity/src/self_detection_raw/dataset",
  "train_files": "1dataset_50_25.txt,2dataset_50_25.txt,3dataset_100_25.txt,4dataset_100_25.txt,5dataset_50_50.txt,6dataset_50_50.txt,7dataset_100_50.txt",
  "val_files": "8dataset_100_50.txt",
  "out_dir": "/home/song/rb10_Proximity/src/self_detection_raw/scripts/model",
  "name_prefix": "mlp_vel_base_corr",
  "epochs": 300,
  "batch": 256,
  "lr": 0.001,
  "wd": 0.0001,
  "hidden": 128,
  "head_hidden": 64,
  "dropout": 0.1,
  "corr_hidden": 32,
  "corr_dropout": 0.05,
  "seed": 42,
  "num_workers": 4,
  "use_vel": true,
  "vel_window": 10,
  "raw_threshold": 2000.0,
  "correction_limit_raw": 1500.0,
  "correction_penalty_beta": 0.01,
  "best_metric_name": "within_2000",
  "early_stop_patience": 15,
  "early_stop_min_delta": 0.0,
  "early_stop_warmup": 10,
  "save_plots": 1,
  "base_in_dim": 18,
  "corr_in_dim": 36,
  "normalized_threshold_per_channel": [
    0.1145683005452156,
    0.1163494735956192,
    0.0344076007604599,
    0.04812697321176529,
    0.1497807651758194,
    0.025666646659374237,
    0.049662865698337555,
    0.11226125061511993
  ],
  "correction_limit_norm_per_channel": [
    0.08592622727155685,
    0.0872621089220047,
    0.025805700570344925,
    0.03609522804617882,
    0.11233557015657425,
    0.019249984994530678,
    0.03724714741110802,
    0.08419594168663025
  ]
}