{
  "best_metric_name": "within_2000",
  "raw_error_threshold": 2000.0,
  "correction_limit_raw": 1500.0,
  "correction_penalty_beta": 0.01,
  "normalized_threshold_per_channel": [
    0.1145683005452156,
    0.1163494735956192,
    0.0344076007604599,
    0.04812697321176529,
    0.1497807651758194,
    0.025666646659374237,
    0.049662865698337555,
    0.11226125061511993
  ],
  "correction_limit_norm_per_channel": [
    0.08592622727155685,
    0.0872621089220047,
    0.025805700570344925,
    0.03609522804617882,
    0.11233557015657425,
    0.019249984994530678,
    0.03724714741110802,
    0.08419594168663025
  ],
  "final_validation_metrics": {
    "mae": 1578.583251953125,
    "rmse": 2423.753662109375,
    "avg_std": 1659.056640625,
    "per_channel_rmse": [
      1158.742919921875,
      2123.53857421875,
      3926.283935546875,
      3296.9521484375,
      1182.5784912109375,
      3415.0283203125,
      849.5468139648438,
      1037.71728515625
    ],
    "per_channel_mae": [
      907.1121826171875,
      1849.910400390625,
      2282.208251953125,
      2903.061767578125,
      875.4002075195312,
      2248.409912109375,
      752.952392578125,
      809.610595703125
    ],
    "raw_std": [
      920.8697509765625,
      3150.919677734375,
      56636.85546875,
      21846.673828125,
      4424.765625,
      80509.609375,
      12923.931640625,
      1141.0177001953125
    ],
    "residual_std": [
      790.6940307617188,
      1128.9833984375,
      3675.47705078125,
      1803.900146484375,
      1172.97314453125,
      3102.94482421875,
      636.8467407226562,
      960.6343383789062
    ],
    "improvement": [
      0.14136171340942383,
      0.6416971683502197,
      0.935104489326477,
      0.9174290895462036,
      0.7349072694778442,
      0.961458683013916,
      0.9507234692573547,
      0.15808987617492676
    ],
    "ranked_channels": [
      {
        "channel": "raw7",
        "rmse": 849.5468139648438,
        "mae": 752.952392578125,
        "within_2000": 0.999373904332582,
        "residual_std": 636.8467407226562
      },
      {
        "channel": "raw8",
        "rmse": 1037.71728515625,
        "mae": 809.610595703125,
        "within_2000": 0.9524167292762334,
        "residual_std": 960.6343383789062
      },
      {
        "channel": "raw1",
        "rmse": 1158.742919921875,
        "mae": 907.1121826171875,
        "within_2000": 0.9427122464312547,
        "residual_std": 790.6940307617188
      },
      {
        "channel": "raw5",
        "rmse": 1182.5784912109375,
        "mae": 875.4002075195312,
        "within_2000": 0.9207362885048835,
        "residual_std": 1172.97314453125
      },
      {
        "channel": "raw2",
        "rmse": 2123.53857421875,
        "mae": 1849.910400390625,
        "within_2000": 0.5711244678186826,
        "residual_std": 1128.9833984375
      },
      {
        "channel": "raw4",
        "rmse": 3296.9521484375,
        "mae": 2903.061767578125,
        "within_2000": 0.30935386927122466,
        "residual_std": 1803.900146484375
      },
      {
        "channel": "raw6",
        "rmse": 3415.0283203125,
        "mae": 2248.409912109375,
        "within_2000": 0.6925244177310294,
        "residual_std": 3102.94482421875
      },
      {
        "channel": "raw3",
        "rmse": 3926.283935546875,
        "mae": 2282.208251953125,
        "within_2000": 0.7310293012772352,
        "residual_std": 3675.47705078125
      }
    ],
    "best_channel_rmse": 849.5468139648438,
    "best_channel_name": "raw7",
    "worst_channel_rmse": 3926.283935546875,
    "worst_channel_name": "raw3",
    "base_rmse": 2572.990966796875,
    "mean_abs_correction": 321.72796630859375,
    "max_abs_correction": 1060.0,
    "within_1000": 0.49068682694715754,
    "per_channel_within_1000": [
      0.6202103681442525,
      0.22783621337340346,
      0.540320560981718,
      0.04758327072376659,
      0.6683571249686953,
      0.4259328825444528,
      0.7190708740295517,
      0.67618332081142
    ],
    "within_2000": 0.7649089030803907,
    "per_channel_within_2000": [
      0.9427122464312547,
      0.5711244678186826,
      0.7310293012772352,
      0.30935386927122466,
      0.9207362885048835,
      0.6925244177310294,
      0.999373904332582,
      0.9524167292762334
    ],
    "within_5000": 0.9434792136238417,
    "per_channel_within_5000": [
      0.9983095416979715,
      1.0,
      0.8401577761081893,
      0.8781617831204608,
      0.9988730277986476,
      0.8337089907337841,
      1.0,
      0.9986225895316805
    ],
    "within_10000": 0.9926042449286251,
    "per_channel_within_10000": [
      0.9993112947658402,
      1.0,
      0.946343601302279,
      1.0,
      0.999373904332582,
      0.9958051590282995,
      1.0,
      1.0
    ]
  }
}